File Name,Topics
policy-orchestrator_README.md,Observability & Tools
hub_README.md,Containers & Management
envoy_README.md,Containers & Management
telepresence_README.md,Containers & Management
client_java_README.md,Observability & Tools
Xline_README.md,Software Deployment
opentelemetry-js_README.md,Observability & Tools
athenz_README.md,Observability & Tools
rook_README.md,Software Deployment
kube_README.md,Containers & Management
Dragonfly2_README.md,Software Deployment
pravega_README.md,Software Deployment
kepler_README.md,Software Deployment
cloud-custodian_README.md,Containers & Management
k8up_README.md,Containers & Management
curve_README.md,Observability & Tools
linkerd2_README.md,Observability & Tools
client_golang_README.md,Software Deployment
virtual-kubelet_README.md,Software Deployment
kuma_README.md,Software Deployment
client_python_README.md,Software Deployment
k8gb_README.md,Software Deployment
notation_README.md,Observability & Tools
baremetal-operator_README.md,Observability & Tools
prometheus_README.md,Containers & Management
parsec_README.md,Containers & Management
ytt_README.md,Observability & Tools
helm_README.md,Software Deployment
OpenMetrics_README.md,Software Deployment
hwameistor_README.md,Observability & Tools
fluentd_README.md,Containers & Management
oras_README.md,Containers & Management
kubeflow_README.md,Containers & Management
openyurt_README.md,Software Deployment
kubewarden-controller_README.md,Observability & Tools
wasmCloud_README.md,Software Deployment
sealer_README.md,Software Deployment
thanos_README.md,Software Deployment
mysqld_exporter_README.md,Observability & Tools
flux2_README.md,Software Deployment
capsule_README.md,Containers & Management
external-secrets_README.md,Containers & Management
KubeArmor_README.md,Software Deployment
merbridge_README.md,Observability & Tools
opentelemetry-specification_README.md,Observability & Tools
coredns_README.md,Software Deployment
schemahero_README.md,Observability & Tools
chaosblade_README.md,Containers & Management
pushgateway_README.md,Observability & Tools
spec_README.md,Software Deployment
chaos-mesh_README.md,Containers & Management
dapr_README.md,Software Deployment
grpc_README.md,Software Deployment
vscode-kubernetes-tools_README.md,Observability & Tools
api_README.md,Software Deployment
spiffe_README.md,Observability & Tools
Kubernetes_Security_Specialist_Study_Guide_README.md,Containers & Management
skooner_README.md,Software Deployment
bfe_README.md,Software Deployment
cni_README.md,Containers & Management
kubevela_README.md,Observability & Tools
kubeedge_README.md,Software Deployment
akri_README.md,Containers & Management
cert-manager_README.md,Software Deployment
keycloak_README.md,Software Deployment
porter_README.md,Observability & Tools
kruise_README.md,Observability & Tools
karmada_README.md,Observability & Tools
jmx_exporter_README.md,Observability & Tools
policy_README.md,Containers & Management
piraeus-operator_README.md,Software Deployment
operator-sdk_README.md,Software Deployment
opentelemetry-collector_README.md,Containers & Management
curiefense_README.md,Software Deployment
keda_README.md,Containers & Management
kudo_README.md,Containers & Management
opa_README.md,Software Deployment
emissary_README.md,Software Deployment
in-toto_README.md,Observability & Tools
krustlet_README.md,Software Deployment
openfga_README.md,Observability & Tools
kuberhealthy_README.md,Software Deployment
inclavare-containers_README.md,Containers & Management
etcd_README.md,Software Deployment
fluid_README.md,Observability & Tools
fabedge_README.md,Software Deployment
WasmEdge_README.md,Software Deployment
opentelemetry-collector-contrib_README.md,Containers & Management
werf_README.md,Containers & Management
serving_README.md,Observability & Tools
foniod_README.md,Software Deployment
inspektor-gadget_README.md,Software Deployment
kubernetes_README.md,Observability & Tools
CNI-Genie_README.md,Containers & Management
kpt_README.md,Containers & Management
alertmanager_README.md,Software Deployment
smi-spec_README.md,Observability & Tools
submariner_README.md,Observability & Tools
clusterpedia_README.md,Containers & Management
carina_README.md,Observability & Tools
ko_README.md,Software Deployment
cdk8s_README.md,Software Deployment
opencost_README.md,Observability & Tools
krator_README.md,Software Deployment
teller_README.md,Observability & Tools
paralus_README.md,Containers & Management
crossplane_README.md,Containers & Management
aeraki_README.md,Software Deployment
kyverno_README.md,Observability & Tools
kured_README.md,Observability & Tools
istio.io_README.md,Software Deployment
python-tuf_README.md,Containers & Management
ContainerSSH_README.md,Containers & Management
headlamp_README.md,Observability & Tools
distribution_README.md,Software Deployment
service-mesh-performance_README.md,Observability & Tools
tremor-runtime_README.md,Software Deployment
falco_README.md,Software Deployment
tools_README.md,Containers & Management
devstream_README.md,Observability & Tools
OpenFunction_README.md,Software Deployment
kube-ovn_README.md,Observability & Tools
zot_README.md,Software Deployment
kubeclipper_README.md,Containers & Management
openebs_README.md,Containers & Management
vitess_README.md,Observability & Tools
trickster_README.md,Observability & Tools
backstage_README.md,Software Deployment
kubedl_README.md,Observability & Tools
cubefs_README.md,Software Deployment
specification_README.md,Containers & Management
contour_README.md,Software Deployment
devspace-cloud_README.md,Observability & Tools
kubevirt_README.md,Containers & Management
proxy_README.md,Observability & Tools
longhorn_README.md,Containers & Management
project_README.md,Containers & Management
cortex_README.md,Software Deployment
meshery_README.md,Containers & Management
kubescape_README.md,Containers & Management
chart-testing_README.md,Software Deployment
kube-vip_README.md,Containers & Management
node_exporter_README.md,Observability & Tools
community_README.md,Software Deployment
armada_README.md,Observability & Tools
osm_README.md,Observability & Tools
pixie_README.md,Software Deployment
argo-cd_README.md,Observability & Tools
nats-server_README.md,Observability & Tools
istio_README.md,Observability & Tools
keylime_README.md,Observability & Tools
cri-o_README.md,Software Deployment
opentelemetry-java_README.md,Observability & Tools
strimzi-kafka-operator_README.md,Software Deployment
operator_README.md,Observability & Tools
openelb_README.md,Containers & Management
pack_README.md,Observability & Tools
eraser_README.md,Observability & Tools
chartmuseum_README.md,Observability & Tools
opentelemetry-go_README.md,Containers & Management
k3s_README.md,Containers & Management
pipecd_README.md,Observability & Tools
antrea_README.md,Containers & Management
nocalhost_README.md,Containers & Management
keptn_README.md,Software Deployment
metallb_README.md,Containers & Management
clusternet_README.md,Observability & Tools
tikv_README.md,Containers & Management
lima_README.md,Observability & Tools
microcks_README.md,Containers & Management
tink_README.md,Containers & Management
dex_README.md,Software Deployment
chart-releaser_README.md,Observability & Tools
containerd_README.md,Containers & Management
opentelemetry-dotnet_README.md,Observability & Tools
client-go_README.md,Containers & Management
litmus_README.md,Software Deployment
slim_README.md,Observability & Tools
superedge_README.md,Observability & Tools
volcano_README.md,Software Deployment
harbor_README.md,Software Deployment
blackbox_exporter_README.md,Observability & Tools
jaeger_README.md,Observability & Tools
spire_README.md,Observability & Tools
